,Nome da Música,link,album,letra,artista
0,23,/manu-gavassi/23.html,MANU,"Me olha no olho já sabe demais E eu nem escondo eu te mostrei e você faz Um jogo que eu gosto nem preciso pedir Me tira daqui, me tira daqui Eu tiro sua roupa você minha paz E beija minha boca mas quer muito mais Me olha e não sabe o que viu em mim Pra ser livre assim, livre assim Eu não me lembro de um céu tão lindo como esse, amor Eu não me lembro de alguém chegar tão perto, amor Eu não me lembro de uma noite tão brilhante assim Eu só lembro de você e de mim Eu não preciso de você mas eu quero eu quero eu quero Eu não preciso de você mas eu quero, ah, eu quero eu quero Se é errado, erro outra vez Ninguém é maduro com 23 Eu não preciso de você mas eu quero eu quero eu quero",Manu Gavassi
1,Amo,/manu-gavassi/amo.html,,"Eu amo o seu sorriso, e seu jeito de falar Eu amo quando você me olha, e eu dou risada sem pensar Eu amo quando você me chama para conversar Eu amo quando você vem, e amo mais ainda te esperar  Eu não sei o que fazer Não tem ninguém aqui pra me impedir de te escrever Outra canção pra me fazer entender Que eu te amo tanto e isso todo mundo vê  Eu nunca acreditei que era mesmo pra valer Eu nunca admiti que me importava com você Agora tanto faz não quero mais me esconder Estou falando na sua frente que eu te amo O que eu faço pra você perceber?  Eu amo o seu sorriso, e seu jeito de falar Eu amo quando você me olha, e eu dou risada sem pensar Eu amo quando você me chama para conversar Eu amo quando você vem, e amo mais ainda te esperar  Eu não sei o que fazer Não tem ninguém aqui pra me impedir de te escrever Outra canção pra me fazer entender Que eu te amo tanto e isso todo mundo vê  Eu nunca acreditei que era mesmo pra valer Eu nunca admiti que me importava com você Agora tanto faz não quero mais me esconder Estou falando na sua frente que eu te amo  Que hoje eu acredito que é mesmo pra valer Confesso, eu admito que me importo com você Agora tanto faz não quero mais me esconder Estou falando na sua frente que eu te amo O que eu faço pra você perceber?",Manu Gavassi
2,Antes do Fim,/manu-gavassi/antes-do-fim.html,MANU,"A gente deixou claro Que não ia passar disso Que não era pra se apaixonar Dois corações cansados, errados O suficiente para não se entregar Mas sempre foi tão fácil É fácil não fazer nada com você De cara amassada De boca fechada Não preciso de mais nada É só você me olhar  Não era pra você ficar Não era pra ser tão bom Não era pra eu acordar te pedindo pra não ir Então, se quiser pode ficar Antes disso ter um fim Só não olha mais assim pra mim Não olha mais assim Se não eu jogo tudo pro ar Se não eu jogo tudo pro ar  Você sorri, eu falo que não é pra passar disso Que eu nunca vou me apaixonar No seu abraço eu paro, me calo Só o suficiente pra não me entregar Mas sei que é tão fácil Foi fácil perder a hora com você Cabelo bagunçado Você do meu lado Dois corpos desenhados pra não desgrudar  Não era pra você ficar Não era pra ser tão bom Não era pra eu acordar te pedindo pra não ir Então, se quiser pode ficar Antes disso ter um fim Só não olha mais assim pra mim Não olha mais assim  Um beijo em minhas costas é poesia Me acostumei com você todo o dia Achando graça do meu sotaque Tem um pouco de você em toda parte Tento esquecer, mas me engano Não fazia parte dos meus planos Querer você aqui, aqui  Não era pra você ficar Não era pra ser tão bom Não era pra eu acordar te pedindo pra não ir Então, se quiser pode ficar Antes disso ter um fim Só não olha mais assim pra mim Não olha mais assim Se não eu jogo tudo pro ar Se não eu jogo tudo pro ar",Manu Gavassi
3,Ao Ar Livre (Do Filme Valente),/manu-gavassi/ao-ar-livre-do-filme-valente.html,,"Como uma estrela esse amor mostrando o norte seja onde for Amor que queima como o sol uma luz que parece um farol Pois conversar não adiantou são palavras que o vento levou  Esses muros se derrubaram quero sentir meus pés sobre o chão deixar de lado o que atrapalhar para ao ar livre estar  Porque ficou tudo tão ruim? E ainda estamos tão longe do fim E quando o dia se completar será que, enfim, algo bom vai ficar?  Agora os muros se derrubaram! Posso sentir meus pés sobre o chão esse amor nós podemos mostrar E ao ar livre estar Amor que queima como o sol",Manu Gavassi
4,Aqui Estamos Nós,/manu-gavassi/aqui-estamos-nos.html,MANU,"[Verso 1] Aqui estamos nós Esperando a sensação De perder o juízo E de perder o chão Aqui estamos nós Sem medo de errar Mas com braços tatuados Querendo apagar  [Pré-Refrão] Você não vai roubar meu coração Porque garanto já roubaram antes de você Você não vai me ouvir pedir perdão Quando isso acabar e eu nem perceber  [Refrão] Eu não te prometo amor, ooh, ooh Não vai ser pra sempre, amor, ooh, ooh Eu não te prometo amor, ooh, ooh Não vai ser pra sempre, amor, ooh, ooh  [Pós-Refrão] Nós somos a geração da solidão Eu finjo que não preciso de aprovação Nós imploramos amor, mas queremos perigo Então me dê a mão e só vem comigo  [Verso 2] Aqui estamos nós Falando sobre a dor Faz parte do meu charme Não acreditar no amor Aqui estamos nós Falando sem saber Pra espantar o tédio Pra tentar entender  [Pré-Refrão] Você não vai roubar meu coração Porque garanto já roubaram antes de você Você não vai me ouvir pedir perdão Quando isso acabar e eu nem perceber  [Refrão] Eu não te prometo amor, ooh, ooh Não vai ser pra sempre, amor, ooh, ooh Eu não te prometo amor, ooh, ooh Não vai ser pra sempre, amor, ooh, ooh  [Pós-Refrão] Nós somos a geração da solidão Eu finjo que não preciso de aprovação Nós imploramos amor, mas queremos perigo Então me dê a mão e só vem comigo  [Outro] Aqui estamos nós Começando a questionar Se vivemos o momento Ou filmamos pra guardar Aqui estamos nós Tentando não chorar Muito novos pra crescer Muito velhos pra mudar",Manu Gavassi
5,Áudio de Desculpas,/manu-gavassi/audio-de-desculpas.html,CUTE BUT (still) PSYCHO,"Eu só queria ser normal Mas eu não sou É só puro trauma, confusão e se quiser Te mostro o meu melhor Te mostro o meu pior Te mostro a verdade Que é ser imperfeita e só  Que sonho ser estável Sonho ser amável Que sonho não botar tudo a perder Ser controlável Mas eu sinto demais Me desculpo eu faço errado Ser de verdade tem um preço Eu sempre pago  Eu só queria ser normal Sem ser clichê Não ser emocionalmente dependente de você Por que eu sou sempre assim? Difícil de ficar Difícil de viver sem mim  Desculpa se eu errei com você Gritei com você Desculpa se eu te faço mal só pra me entreter Eu só queria ser normal Eu só queria ser  Me desculpa se eu errei com você Gritei com você Desculpa se eu te faço mal só pra me entreter Eu só queria ser normal Eu só queria ser  Eu só queria menos culpa e mais amor Poder contar, poder falar sobre o que for Controlar meus impulsos Ser menos visceral Fazer mais sentido me faria menos mal  Eu só queria ser normal Sem ser clichê Não ser emocionalmente dependente de você Por que eu sou sempre assim? Difícil de ficar Difícil de viver sem mim  Desculpa se eu errei com você Gritei com você Desculpa se eu te faço mal só pra me entreter Eu só queria ser normal Eu só queria ser  Me desculpa se eu errei com você Gritei com você Desculpa se eu te faço mal só pra me entreter Eu só queria ser normal Eu só queria ser  (Desculpa se eu errei com você) (Desculpa se eu gritei com você)",Manu Gavassi
6,Caminho de Volta,/manu-gavassi/caminho-de-volta.html,Clichê Adolescente,"Voe pro mundo que te espera hoje à noite Conheça tudo o que sempre sonhou Ouvi dizer que Porto Alegre faz frio Mas foi lá onde começou  Voe pra longe, vou ficar esperando E me lembrando enquanto olho pro céu Que em Salvador eu descobri que seu coração é de papel  Siga o seu caminho sem pensar Mas lembre onde eu vou estar, agora e até o fim Foi a vida que quis assim Me abrace e eu sei que tudo fica bem Mesmo se ninguém acreditar, não importa Espero ser o seu caminho de volta  Voe pro mundo que te espera hoje a noite Veja os sorrisos ansiosos outra vez Foi no Rio que eu descobri que a sua falta é mais do que eu imaginei  E se a distância me fizer esquecer Se olhar pro céu e de repente não te encontrar Feche os olhos e eu sei que meu futuro é onde você está  Siga o seu caminho sem pensar Mas lembre onde eu vou estar agora e até o fim Foi a vida que quis assim Me abrace e eu sei que tudo fica bem Mesmo se ninguém acreditar, não importa Espero ser o seu caminho...  Siga os seus sonhos e volte pra mim O mundo espera por nós, eu posso ouvir E quando nada fizer mais sentido, eu ainda vou estar aqui  Siga o seu caminho sem pensar Mas lembre onde eu vou estar, agora e até o fim Foi a vida que quis assim Me abrace e eu sei que tudo fica bem Mesmo se ninguém acreditar, não importa Espero ser o seu caminho de volta",Manu Gavassi
7,Camiseta,/manu-gavassi/camiseta.html,Vício - EP,"Olho para o céu tentando me acostumar A voltar pra casa sem você, só com o mar Meu amor quem foi que congelou seu coração Algum tempo atrás você faria uma canção  Mas você me deixou só com a sua camiseta Pra lembrar do amor Pra lembrar do amor  Eu não vou desistir de nós dois Eu preciso acreditar que a gente sempre volta E depois Depois de tudo o que eu tenho pra falar Você não vai apagar Não deixe o tempo passar sem mim  Como dois estranhos nessa cidade sem ninguém Você era meu chão e tudo o que eu mais precisei E agora você vem dizer que o tempo vai ajudar Pega sua moto, vem me ver e para de chorar  Mas você me deixou só com a sua camiseta Pra lembrar do amor E eu vou usar, amor  Eu não vou desistir de nós dois Eu preciso acreditar que a gente sempre volta e depois Depois de tudo o que eu tenho pra falar Você não vai apagar  E eu não vou desistir de nós dois Eu preciso acreditar que a gente sempre volta e depois Depois de tudo o que eu tenho pra falar Você não vai apagar Não deixe o tempo passar... sem mim  Mas agora eu mudei amor Tudo o que passamos juntos só eu sei O tempo veio e levou você Mas a sua camiseta eu não vou devolver Você disfarçou bem Eu sei que homem não fica sem ninguém, então Eu vou me divertir e não me leve a sério Quando eu te disser que  E eu não vou desistir de nós dois Eu preciso acreditar que a gente sempre volta e depois Depois de tudo o que eu tenho pra falar Você não vai apagar  E eu não vou desistir de nós dois Eu preciso acreditar que a gente sempre volta e depois Depois de tudo o que eu tenho pra falar Você não vai apagar Não deixe o tempo passar... sem mim",Manu Gavassi
8,Cansei de Você,/manu-gavassi/cansei-de-voce.html,Manu Gavassi,"Eu sabia que esse dia ia chegar Eu tô rindo sem saber o que falar Suas palavras já não fazem disparar meu coração O que aconteceu? Eu já nem sei se eu dou risada ou sinto dó Antigamente minha garganta dava um nó Cada segundo só me prova que acabou Me diz então o que aconteceu?  Eu mudei, eu cresci Finalmente aprendi Que entre nós não tem mais nada a ver E o que a gente faz se nem raiva eu sinto mais Acho que eu posso te dizer Desculpa eu cansei de você!  Você se declara e isso já virou normal E eu dou risada sabe pra não pegar mal Eu já nem reparo muito no que você diz Agora eu sei o que aconteceu Você acha que eu ainda gosto de você Como eu acho um jeito educado de dizer Que eu tô em outra e meu bem não é você Agora eu sei o que aconteceu Não precisa nem se preocupar porque não vai adiantar  Eu mudei, eu cresci Finalmente aprendi Que entre nós não tem mais nada a ver E o que a gente faz se nem raiva eu sinto mais Acho que eu posso te dizer  Eu mudei, eu cresci Finalmente aprendi Que entre nós não tem mais nada a ver E o que a gente faz se nem raiva eu sinto mais Acho que eu posso te dizer Desculpa eu cansei de você",Manu Gavassi
9,Canta Comigo,/manu-gavassi/canta-comigo.html,Manu Gavassi,"Sempre que eu tento te falar Você está longe demais para me ouvir, longe de mim E não tem como te encontrar, você jamais olha pra trás Você quer seguir, distante assim  Se o amor fosse uma canção, você cantaria? Eu escrevi essa melodia pra você, então canta comigo:  {Refrão}  Ouooow, como eu queria ter você de volta Ouooow, você e eu e nada mais importa Ouooow, será que tem que acabar assim? Ouooow, queria um pouco de você pra mim  Eu esqueci das nossas músicas Agora o som do teu silêncio quer calar, a minha voz ( a minha voz )  Será que eu fui longe demais? Será que eu deixei você com o pé atrás, como sempre fiz?  Se o amor fosse uma canção você cantaria? Eu escrevi essa melodia pra você, então canta comigo:  {Refrão}  Ouooow, como eu queria ter você de volta Ouooow, você e eu e nada mais importa Ouooow, será que tem que acabar assim? Ouooow, queria um pouco de você pra mim  Pra mim...",Manu Gavassi
10,Cicatriz,/manu-gavassi/cicatriz.html,Clichê Adolescente,"Só segure a minha mão um pouco E feche a porta quando sair Só me deixe aqui, porque eu cansei de tentar entender Eu queria que suas palavras pudessem de fato mudar O que eu não consigo apagar, o que virou a minha cicatriz Não sei, quando foi que perdemos a cor Quando foi que acabou  Pedi ao tempo pra te ter pra mim Mas não sei se vai adiantar Há tanta coisa por falar; parei o tempo só pra esquecer O vazio que eu sei está por vir Como eu posso sentir saudade com você aqui  Só afaste o cabelo do meu rosto quando Eu começar a chorar Não quero mais conversar, eu só quero te lembrar assim  Quem me dera que o seu abraço pudesse de fato mudar O que eu não consigo apagar, o que virou a minha cicatriz Não sei, quando foi que perdemos a cor Quando foi que acabou  Pedi ao tempo pra te ter pra mim Mas não sei se vai adiantar Há tanta coisa por falar; parei o tempo só pra esquecer O vazio que eu sei está por vir Como eu posso sentir saudade  Depois de tanto tempo é difícil te ver Difícil respirar o mesmo ar que você Eu nunca mais vou esquecer, eu nunca mais vou esquecer Você me olha chorando e segura a minha mão Voou até aqui pra me pedir perdão Eu não tenho nada a dizer, é a última vez que vou ter ver  Pedi ao tempo pra te ter pra mim, mas não sei se vai adiantar Há tanta coisa por falar; parei o tempo só pra esquecer O vazio que eu sei está por vir Como eu posso sentir saudade com você... aqui  Só segure a minha mão um pouco E feche a porta quando sair Só me deixe aqui, porque eu cansei de tentar entender",Manu Gavassi
11,Clichê Adolescente,/manu-gavassi/cliche-adolescente.html,Clichê Adolescente,"Me diz que eu sou linda para eu não acreditar de novo Explica da saudade pra falar que você diz isso pra todas Me abraça forte pra eu não ir Enquanto eu finjo resistir e você ri da minha atuação  Imite meu sotaque até eu rir e te pedir pra parar Cante uma música que eu não estou acostumada a escutar Fale tudo que sentir e se por medo eu sumir Prometo explicar com essa canção  Não vou dizer que não mexeu comigo Ouvir você falar é um perigo O que eu mais quero é acreditar Eu tento fugir mas o mundo conspira Se tudo que você falou for mentira Então minta outra vez pra mim  Abra um sorriso só pra eu te perguntar o motivo Mas pense muito bem se você deve dividir isso comigo Me abrace forte pra eu não ir Eu nem tento resistir e você ri da minha situação  Me conte do passado enquanto tento te decifrar Me fale dos seus sonhos mais malucos E dos seus planos de revolucionar E por um segundo só você e eu no mundo Nós dois e essa simples canção  Não vou dizer que não mexeu comigo Ouvir você falar é um perigo O que eu mais quero é acreditar Eu tento fugir mas o mundo conspira Se tudo que você falou for mentira Então minta outra vez  Chega mais perto eu vou te mostrar O nosso beijo faz tudo melhorar Então não vai embora fique um pouco mais Não pense em nada deixe tudo para trás Eu sei provavelmente vai soar como um clichê adolescente Mas pensando bem que mal tem  Não vou dizer que não mexeu comigo, não Estou começando a acreditar Eu tento fugir mas o mundo conspira Se tudo que você falou for mentira Então minta outra vez pra mim Pra mim, pra mim Então minta outra vez pra mim",Manu Gavassi
12,Conto de Fadas,/manu-gavassi/conto-de-fadas.html,Clichê Adolescente,"Já é tarde e eu aqui Prolongando o fim Abro a porta e vou embora Torcendo pra correr atrás de mim  Era pra sempre, terminou Alguns dias atrás Então por que você complicou Me pedindo para ficar um pouco mais?  A nossa história acabou, eu sei Mas das nossas lágrimas eu sou refém Eu já aprendi o certo a fazer Mas meu coração não consegue entender  Como eu posso ir embora Com você me pedindo pra ficar ? Como eu posso esquecer Se só de olhar pra você me falta o ar? Me solte agora já chegou o fim Não tem conto de fadas dessa vez pra mim Eu não sou a princesa que você sonhou, Não tem final feliz pra nós dois, amor  (Pára, vai... Tem que parar de achar que sua vida é um conto de fadas. Você tá louca!)  Já nem reconheço mais Olhando bem de perto me assustei Você gritava até eu chorar Me fazendo acreditar que eu errei (Hã? Eu?) Era pra sempre até o fim Mas esqueceram de avisar Que o pra sempre acaba sim É só você parar de se importar  A nossa história acabou, eu sei Mas das nossas lágrimas eu sou refém Eu já aprendi o certo a fazer Mas meu coração não consegue entender  Como eu posso ir embora Com você me pedindo pra ficar? Como eu posso esquecer Se só de olhar pra você me falta o ar? Me solte agora já chegou o fim Não tem conto de fadas dessa vez pra mim Eu não sou a princesa que você sonhou Não tem final feliz pra nós dois, amor  O pôr do sol na barra já vem Mas eu não vou cantar com você, meu bem Se eu chorar você não vai estar aqui E eu nunca mais vou te ver sorrir  Eu escrevi no seu coração Mas você esqueceu nossa canção Eu me lembro do mesmo jeito Do amanhecer até quando eu me deito  Como eu posso ir embora Com você me pedindo pra ficar? Como eu posso esquecer Se só de olhar pra você me falta o ar? Me solte agora já chegou o fim Não tem conto de fadas dessa vez pra mim Eu não sou a princesa que você sonhou Não tem final feliz pra nós dois, amor  Então me solte agora já chegou o fim Não tem conto de fadas dessa vez pra mim Eu não sou a princesa que você sonhou Não tem final feliz pra nós dois, amor.",Manu Gavassi
13,Cute But Psycho,/manu-gavassi/cute-but-psycho.html,CUTE BUT PSYCHO EP,"Você não é o meu tipo mas eu quero tentar Porque o meu tipo não dá certo então eu vou variar Se você tá com medo, tudo bem, eu começo Um tanquinho tipo esse, eu nunca tive nem acesso Não se engane com meu tipo que eu vou avisar Que eu sou muito girl boss até me apaixonar Se você não entendeu, tudo bem, eu explico Quando a gente terminar você não é meu amigo  Esse seu amor livre acaba comigo Eu sou uma control freak O que eu quero eu consigo Esse seu amor livre dá água na boca Amor, eu não sou assim (Tô meio estranha, meio louca)  Eu já nem sei mais o que fazer Dizem que eu sou difícil de entender Eu nem sei mais o que dizer Eu sei que eu sou difícil de entender Cute but psycho Cute but psycho Cute but psycho Cute but  Você não é o meu tipo mas eu vou arriscar Porque o meu tipo é cada vez mais raro de encontrar Se você falar merda, paciência, eu entendo Mas se fechar a boca é melhor até aguento Não se engane com meu tipo que eu vou avisar Que eu sou muito girl boss até me enganar Se você não entendeu, tudo bem, eu explico Sempre atraio quem não tem nada a ver com isso  Esse seu amor livre acaba comigo Eu sou uma control freak O que eu quero eu consigo Esse seu amor livre dá água na boca Amor, eu não sou assim Tô meio estranha, meio louca  Eu já nem sei mais o que fazer Dizem que eu sou difícil de entender Eu nem sei mais o que dizer Eu sei que eu sou difícil de entender Cute but psycho (cute but psycho) Cute but psycho Cute but psycho (psycho) Cute but psycho  Eu já nem sei mais o que fazer Dizem que eu sou difícil de entender Eu nem sei mais o que dizer Eu sei que eu sou difícil de entender Cute but psycho (cute!) Cute but psycho Cute but psycho (psycho) Cute but psycho",Manu Gavassi
14,Deixar Pra Lá,/manu-gavassi/deixar-pra-la.html,Manu Gavassi,Hoje eu acordei com uma vontade de deixar pra lá todos os problemas que inventei Ligar pra todas minhas amigas pra gente pensar em alguma coisa pra fazer  O telefone tá tocando e eu não sei o que vestir Minhas amigas estão chegando a gente vai divertir Eu não me importo com o que pode acontecer  Tudo o que eu sei é que a gente vai curtir e vai dançar a noite inteira sem se cansar Por que essa festa não tem hora pra acabar O som aumenta e a galera inteira grita e eu tô usando a minha bota favorita Daqui pra frente eu não quero nem pensar... Eu vou deixar pra lá!  Já tá todo mundo começando a chegar e a gente naquela animação Mas na verdade tudo o que eu consigo ouvir são os clipes na televisão A campanhia tá tocando e eu corro pra atender Eu não sei o que eu faço se minha mãe aparecer mas agora não tem mais o que fazer  Tudo o que eu sei é que a gente vai curtir e vai dançar a noite inteira sem se cansar Por que essa festa não tem hora pra acabar O som aumenta e a galera inteira grita e eu tô usando a minha bota favorita Daqui pra frente eu não quero nem pensar... Eu vou deixar pra lá!  Tudo o que eu sei é que a gente vai curtir e vai dançar a noite inteira sem se cansar Por que essa festa não tem hora pra acabar O som aumenta e a galera inteira grita e eu tô usando a minha bota favorita Daqui pra frente eu não quero nem pensar... Eu vou deixar pra lá!,Manu Gavassi
15,Direção,/manu-gavassi/direcao.html,Vício - EP,"Eu já nem durmo mais, não Só fecho os olhos e penso em você Só fecho os olhos e tento entender O que me trouxe aqui  Sei que te amo mais, mais Bem mais do que eu te falei há um mês E se eu não falo mais dessa vez É porque finalmente entendi  Eu e você, sem direção Me dê a mão e eu me perco mais Eu e você, sem direção Não solte a minha mão jamais  Eu já nem durmo mais, não Não sei se eu devo fugir de você Se agora é certo ou errado dizer Que eu te quero aqui  Sei que te amo mais, mais, mais Bem mais do que eu deveria, eu sei E se eu não quero mais dessa vez É porque finalmente entendi  Eu e você, sem direção Me dê a mão e eu me perco mais Eu e você, sem direção Não solte a minha mão jamais  Eu e você, sem direção Me dê a mão e eu me perco mais Eu e você, sem direção Não solte a minha mão  E você pode me guardar Em cada foto, em cada olhar Em cada vez que eu não ligar Porque me dói ouvir sua voz  E agora o tempo vai passar Talvez não exista nada pra falar Se por acaso um dia encontrar O que perdeu eu vou estar aqui  Eu e você, sem direção Me dê a mão e eu me perco mais Eu e você, sem direção Não solte a minha mão jamais  Eu e você, sem direção Me dê a mão e eu me perco mais Eu e você, sem direção Não solte a minha mão jamais  Eu e você, sem direção Me dê a mão e eu me perco mais Eu e você, sem direção Não solte a minha mão... jamais Jamais, jamais (não solte a minha mão)  Eu e você sem direção Não solte a minha mão jamais",Manu Gavassi
16,Entrei pra faculdade com ENEM,/manu-gavassi/entrei-pra-faculdade-com-enem.html,,"Tô bem, tô zen entrei pra faculdade com Enem Aluno dedicado, tá despreocupado tem vaga no SISU, Sistema Unificado A faculdade é bacana, mas você tá sem grana Com as bolsas do PROUNI, você garante o diploma Aluno nota dez, conta com FIES Financiamento Estudantil, sem se enrolar com os papéis Tô bem, tô zen entrei pra faculdade com Enem Uma porta que abre outra porta, outra porta que abre outras portas Esse futuro já é meu também",Manu Gavassi
17,Esse Amor Tão Errado,/manu-gavassi/esse-amor-tao-errado.html,,"Não me diga o que eu quero escutar Dessa vez Por muito tempo eu brinquei de ignorar O que você fez, o que você fez? Me roubou de mim Me deixou assim Implorando por pedaços desse nosso amor Que é tão errado  Não precisa mais provar Me machuca ver você tentar Suas desculpas eu já decorei Não ficou mais fácil pra mim  Não precisa mais dizer Que eu nunca mais vou esquecer Porque talvez já tenha dado a nossa hora Eu vou juntar nossos refrões e vou embora  Não me diga o que eu quero escutar Dessa vez Por muito tempo eu brinquei de ignorar O que você fez, o que você fez? Me roubou de mim Me deixou assim Implorando por pedaços desse nosso amor Que é tão errado  Não precisa mais provar Me machuca ver você tentar Suas desculpas eu já decorei Não ficou mais fácil pra mim  Não precisa mais dizer Que eu nunca mais vou esquecer Porque talvez já tenha dado a nossa hora Eu vou juntar nossos refrões e vou embora  Não precisa mais provar Me machuca ver você tentar Suas desculpas eu já decorei Não ficou mais fácil pra mim  Não precisa mais dizer Que eu nunca mais vou esquecer Porque talvez já tenha dado a nossa hora Eu vou juntar nossos refrões e vou embora  Não precisa mais provar Me machuca ver você tentar Suas desculpas eu já decorei Não ficou mais fácil pra mim  Não precisa mais dizer Que eu nunca mais vou esquecer Porque talvez já tenha dado a nossa hora Eu vou juntar nossos refrões e vou embora",Manu Gavassi
18,Eu Amo,/manu-gavassi/eu-amo.html,,"Eu amo quando eu acordo de manhã Com mensagem no meu celular, Eu amo pessoas que me fazem rir E filmes que me fazem chorar,  Eu amo quando ouço uma música Que diz exatamente o que eu sinto, Eu amo gelatina de morango Quando faz sol no domingo,  Eu amo, amo, Pensar na vida antes de dormir, Eu amo, amo Quando decido rápido o que vestir,  Por que você não tenta também, Declare o seu amor pelas pequenas coisas Que te fazem bem!",Manu Gavassi
19,Eu Dou Risada,/manu-gavassi/eu-dou-risada.html,Clichê Adolescente,"Eu espero que você não morra de amores Enquanto se vê pela TV Seria uma pena se você levasse um tombo Desse trono que só você vê  Tome cuidado pra esse cachecol da John John Não enforcar você E eu me sinto tão mal, porque eu sei não é normal Alguém ser tão melhor que todos Quando eu nunca vou ser  E eu dou risada, e eu dou risada E eu dou risada sem saber porque E eu vou embora, eu vou embora Eu vou embora e deixo esse espelho de presente pra você Se ver e aprender Que existe algo muito errado em se ver E se ver, só se ver  Você é tão perfeito E por isso não tem jeito O mundo inteiro quer te namorar Mas garoto não se prenda Ouça e entenda Você nasceu pra não se comportar  Agora está sozinho sem ela e sem carinho Tudo bem ainda tem o instagram pra postar Com esse cabelo jogado E aquele seu papo furado Existem muitas pra te consolar  E eu dou risada, e eu dou risada E eu dou risada sem saber porque E eu vou embora, eu vou embora Eu vou embora e deixo esse espelho de presente pra você Se ver e aprender Que existe algo muito errado em se ver E se ver, só se ver  São Paulo combina com o seu humor As paredes não tem olhos, não existe amor Consigo te ver na Augusta usando uma jaqueta Oscar Freire E assoviando uma canção Assim, assim, alternativa demais para mim Por isso a gente teve um fim Melhor assim, melhor assim  E eu dou risada, e eu dou risada.",Manu Gavassi
20,Eu e Você,/manu-gavassi/eu-e-voce.html,Manu Gavassi,"É complicado eu e você Há uma forte ligação Entre eu e você Ás vezes não quero te ver Ás vezes finjo que não ligo Mas não dá para esconder  E até posso tentar ser só uma amiga Mas não vai adiantar,se você não se liga Melhor você parar de tentar consertar o que ficou pra trás eu não vou mais lembrar É só você parar de me tratar tão bem Eu tô tentando te esquecer mas toda vez que eu te vejo esqueço o porque  Pra você não sei mentir Sei que nem você pra mim não adianta fingir Eu quase morro quando diz que pra você sou diferente Já te fiz feliz  E até posso tentar ser só uma amiga Mas não vai adiantar se você não se liga Melhor você parar de tentar consertar O que ficou pra trás eu não vou mais lembrar É só você parar de me tratar tão bem Eu tô tentando te esquecer mas toda vez que eu te vejo esqueço o porque  Não sei a razão (não sei a razão) pro meu coração bater (pro meu coração bater) tão forte assim (tão forte assim) toda vez que te vê (toda vez que te vê)  Melhor você parar de tentar consertar O que ficou pra trás eu não vou mais lembrar É só você parar de me tratar tão bem Eu tô tentando te esquecer mas toda vez que eu te vejo esqueço o porque  Eu tô tentando te esquecer mas toda vez que eu te vejo esqueço o porque",Manu Gavassi
21,Eu Me Proíbo,/manu-gavassi/eu-me-proibo.html,Clichê Adolescente,"Eu me proíbo de pensar em você Porque eu já vivi, sei o que vai acontecer Eu me proíbo de pensar em você outra vez Eu te proíbo de passar perto de mim De me roubar um beijo e me deixar assim Me perguntando o porquê de algo que não vai mais acontecer Momentos passam devagar ou rápido demais Não sei se eu me arrependi ou se eu quero mais De você  Não, não vá embora se eu pedir Não, não fale nada fique aqui Eu sei, não vou saber me acostumar Se você não está, não, não Não, não me olhe mais assim Não, nem pense em não pensar em mim Eu sei não vou saber me acostumar Se você não está, não, não  Eu me proíbo de imaginar nós dois Falando sobre a vida e sobre o depois Eu me proíbo de querer você aqui Eu te proíbo de olhar pra mim Porque eu sou crescida e já conheço o fim Eu te proíbo de cantar pra mim outra vez Momentos passam devagar ou rápido demais Não sei se eu me arrependi ou se eu quero mais De você  Não, não vá embora se eu pedir Não, não fale nada fique aqui E sei, não vou saber me acostumar Se você não está, não, não Não, não me olhe mais assim Não, nem pense em não pensar em mim Eu sei não vou saber me acostumar Se você não está, não, não  Eu estou ficando louca Mais eu escondo bem Eu procuro um sinal Mais enquanto ele não vem Eu te proíbo de passar perto de mim De me roubar um beijo e me deixar assim Eu te proíbo de esquecer o que aconteceu",Manu Gavassi
22,Eu Te Quero (Com Zeeba),/manu-gavassi/eu-te-quero-com-zeeba.html,,"You don't need to say a word Now I won't be moving on I'm locking up that door We don't need to act so cool Cause I already fell for you I already fell you  Logo eu, emocionalmente instável Meio louca, visceral Achava improvável Ser simples assim Tão “drama queen” Amor sem caos é estranho pra mim Mas com você É fácil me contradizer É estranho até perceber É estranho querer tanto você Eu nunca pensei Em silêncio com você Eu me encontrei Nem precisa falar nada meu amor Eu sei Acostumada com um drama meio que cansei  Eu nunca pensei Em silêncio com você Eu me encontrei Nem precisa falar nada meu amor, ok Eu já entendi que eu te quero Eu te quero You don't need to say a word Now I won't be moving on I'm locking up that door We don't need to act so cool  Cause I already fell for you Already fell you And I didn't even notice  Nunca pensei, nunca pensei, nunca nunca pensei  I've been to a thousand different places To find out But I still don't know No, I don't really know Sometimes I get lost But I realized That I just got to paradise I really really really fell for you There's no explanation Nothing I can do Eu nunca pensei Em silêncio com você Eu me encontrei Nem precisa falar nada meu amor Eu sei Acostumada com um drama meio que cansei Eu nunca pensei Em silêncio com você Eu me encontrei Nem precisa falar nada meu amor, ok Eu já entendi que eu te quero Eu te quero You don't need to say a word Now I won't be moving on I'm locking up that door We don't need to act so cool  Cause I already fell for you Already fell you And I didn't even notice  Nunca pensei, nunca pensei, nunca nunca pensei",Manu Gavassi
23,Farsa,/manu-gavassi/farsa.html,Vício - EP,"Quem diria agora olha pra você, amor Quem diria agora você é o galã, eu vou Fugir pra bem longe do seu ego Pra ver se de longe eu não me estresso Lembrando, se você estivesse só, você estaria aqui  Acordava de noite, chorando Me pedindo pra nunca te deixar Bastou um pouco de gente te olhando Pra esquecer quem você é, mas vou te lembrar Porque eu sei tão bem, tão bem Eu sei tão bem como ninguém  Relaxa, eu não vou revelar a sua farsa Ninguém vai saber Relaxa, eu não faço mais parte dessa farsa, não Ninguém vai saber que há dois meses atrás chorava Me implorando e me pedindo pra ficar Nem disfarça, que agora está no topo e não precisa se preocupar Mas relaxa, você disfarça muito bem, meu bem A sua farsa  Você escolheu a fama, eu escolhi o seu amor Parece triste, mas não é porque eu me livrei que eu vou Fugir pra bem longe desse drama Porque você de longe não me engana Eu sei que se você estivesse só, você estaria aqui E eu que sempre saquei seu esquema Perdi meu tempo, mas agora não perco mais Ter uma só sempre foi o seu problema Seu teatro eu aprendi muito tempo atrás É eu sei tão bem, tão bem Eu sei tão bem, como ninguém  Relaxa, eu não vou revelar a sua farsa Ninguém vai saber Relaxa, eu não faço mais parte dessa farsa, não Ninguém vai saber que há dois meses atrás chorava Implorando e me pedindo pra ficar Nem disfarça, que agora está no topo e não precisa se preocupar Mas relaxa, você disfarça muito bem, meu bem  Então fala difícil pra impressionar Pra da sua rebeldia ninguém mais lembrar Fala baixinho pra eu escutar, não escutar, não escutar Bebe um pouquinho pra impressionar E pega a modelinho pra se afirmar Solteiro é bem melhor Mais manchete e tal Mas cuidado que a queda é proporcional  Relaxa, eu não vou revelar a sua farsa Ninguém vai saber Relaxa, eu não faço mais parte dessa farsa, não Ninguém vai saber que há dois meses atrás chorava Implorando e me pedindo pra ficar Nem disfarça, que agora está no topo e não precisa se preocupar Mas relaxa, eu não vou revelar a sua farsa Ninguém vai saber Relaxa, eu não faço mais parte dessa farsa, não Ninguém vai saber que há dois meses atrás chorava Implorando e me pedindo pra ficar Nem disfarça, que agora está no topo e não precisa se preocupar Mas relaxa Relaxa, você disfarça muito bem meu bem Relaxa Yeah, yeah, yeah Relaxa Yeah, yeah, yeah, yeah, yeah",Manu Gavassi
24,Fora de Foco,/manu-gavassi/fora-de-foco.html,MANU,"[Verso 1] A melhor hora é sempre quando você chega e fecha a porta Vem me encarado e se encosta Faz minha pele te chamar Deixa seu rastro Puxa meu cabelo e se faz de laço Me deixa sem ar Eu não consigo disfarçar  [Pré-refrão] Eu perco foco e não dá pra parar Ouço minha voz pedindo pra você ficar Talvez seja tarde, mas eu esqueci de notar Fora de foco e fora de mim Meu coração acelerando é sempre assim Chega mais perto então Te tenho na minha mão, na minha mão  [Refrão] Então vem que eu te quero aqui de novo Então vem, me tira o sono e eu te tiro o ar Então vem, todo tempo ainda é pouco Então vem, vem, vem, vem, vem, vem, vem  [Verso 2] A melhor hora é sempre quando você chega e fecha a porta Não fala nada e só encosta Deixa o seu corpo me ganhar Deixa o seu cheiro Faz bagunça na minha nuca e fala no ouvido Perco a noção do perigo Eu não consigo disfarçar  [Pré-refrão] Eu perco foco e não dá pra parar Ouço minha voz pedindo pra você ficar Talvez seja tarde, mas eu esqueci de notar Fora de foco e fora de mim Meu coração acelerando é sempre assim Chega mais perto então Te tenho na minha mão, na minha mão  [Refrão] Então vem que eu te quero aqui de novo Então vem, me tira o sono e eu te tiro o ar Então vem, todo tempo ainda é pouco Então vem, vem, vem, vem, vem, vem, vem  [Ponte] E o seu toque sabe de cor o trajeto Sabe o jeito certo de me eletrizar E me faz ser arrepio Me tem fácil demais Eu gosto tanto, eu gosto tanto  [Refrão] Então vem que eu te quero aqui de novo Então vem, me tira o sono e eu te tiro o ar Então vem, todo tempo ainda é pouco Então vem, vem, vem, vem, vem, vem, vem",Manu Gavassi
25,Garoto Errado,/manu-gavassi/garoto-errado.html,Manu Gavassi,"Alguém pode me explicar Oque eu faço Pra não me sentir assim, Eu já comecei a perceber, O efeito que você tem sobre mim.  Meu coração começa a disparar, Será que eu tô pirando, Você quer me provocar Você me olha e eu começo a rir Quando o melhor que eu faço é fugir !  Então me diz o que eu faço Pra tentar te esquecer, Eu nem sei o que eu gosto Tanto,tanto em você  Seu sorriso e seu jeitinho De tentar me irritar Se tiver uma maneira Vou tentar evitar  Eu juro,eu faço tudo Para eu não Me apaixonar  Será que são mesmo reais Os sinais que eu percebi, Talvez eu esteja me iludindo E você não esteja nem aí  Mesmo assim eu continuo a imaginar Eu e você pra mim parece combinar Eu sou a letra e você a melodia Com você eu cantaria todo dia !  Então me diz o que eu faço Pra tentar te esquecer, Eu nem sei o que eu gosto Tanto,tanto em você  Seu sorriso e seu jeitinho De tentar me irritar Se tiver uma maneira Vou tentar evitar  Eu juro,eu faço tudo Para eu não Me apaixonar  Eu já notei que eu tenho que tomar cuidado Porque você é o tipo certo de garoto errado É só você aparecer pra eu perder a fala E a confusão acontecer  Então me diz o que eu faço Pra tentar te esquecer, E me diz porque eu gosto Tanto,tanto de você  Foi seu sorriso e seu jeitinho De tentar me irritar Se tiver uma maneira Vou tentar evitar  Eu juro,eu faço tudo Eu juro,eu faço tudo Eu juro,eu faço tudo Para eu não Me apaixonar",Manu Gavassi
26,Heart Song,/manu-gavassi/heart-song.html,MANU,"[Verso 1] As luzes me chamam, não dá pra ficar A noite lá fora não vai mais voltar Te levo comigo é só você falar, falar Agora tudo em volta me faz esquecer Perigo ou amor, é só escolher É livre quem dança sem saber por quê, por quê [Pré-Refrão] Não dá pra fugir Quero ficar pra sempre aqui Nesse momento Nessa mesma vibração Agora já não dá O que passou não vai voltar E essa noite eu não preciso de ninguém  [Refrão] Eu só preciso do som do meu coração batendo Eu só preciso do som Eu só preciso do som Eu só preciso do som do meu coração batendo Eu só preciso do som Eu só preciso do som  [Verso 2] As luzes me chamam, brilham só pra mim Não lembro de quando eu me senti assim A noite começa e eu não quero o fim, o fim Agora tudo em volta me faz esquecer Perigo ou amor, é só escolher É livre quem dança sem saber por quê, por quê  [Refrão] Eu só preciso do som do meu coração batendo Eu só preciso do som Eu só preciso do som Eu só preciso do som do meu coração batendo Eu só preciso do som Eu só preciso do som  [Verso 2] As luzes me chamam, brilham só pra mim Não lembro de quando eu me senti assim A noite começa e eu não quero o fim, o fim Agora tudo em volta me faz esquecer Perigo ou amor, é só escolher É livre quem dança sem saber por quê, por quê  [Pré-Refrão] Não pra fugir Quero ficar pra sempre aqui Nesse momento Nessa mesma vibração Agora já não dá O que passou não vai voltar E essa noite eu não preciso de ninguém  [Refrão] Eu só preciso do som do meu coração batendo Eu só preciso do som Eu só preciso do som Eu só preciso do som do meu coração batendo Eu só preciso do som Eu só preciso do som  [Ponte] É livre quem dança sem saber por quê É livre quem dança sem saber por quê É livre quem dança sem saber por quê É livre quem dança sem saber por quê É livre quem dança  [Refrão] Eu só preciso do som do meu coração batendo Eu só preciso do som Eu só preciso do som Eu só preciso do som do meu coração batendo Eu só preciso do som Eu só preciso do som  [Refrão] Eu só preciso do som do meu coração batendo Eu só preciso do som Eu só preciso do som Eu só preciso do som do meu coração batendo Eu só preciso do som Eu só preciso do som",Manu Gavassi
27,Hey,/manu-gavassi/hey.html,MANU,"[Verso 1] Hey, já não te vejo mais faz tempo, faz tempo É, você me liga perguntando se eu lembro, até lembro Eu sei bem onde isso vai chegar Esse é meu jogo, eu te ensinei a jogar Não tá fazendo nada então vem pra casa Só não pira porque disso não passa  [Refrão] Eu te avisei Se a gente começa, não dá pra voltar atrás, eu sei Se a gente começa, não dá pra parar Ih, oh, oh Se eu te beijo agora, você fica e pede mais Oh, oh Se eu te beijo agora, você não esquece mais Se eu te beijo agora, você fica e pede mais Se eu te beijo agora, você não esquece mais  [Verso 2] Hey, não acredite em tudo que eu digo, é perigo, é Diz que me ama, qualquer coisa eu te aviso, te aviso Eu sei bem onde isso vai chegar Esse é meu jogo, eu te ensinei a jogar Não tá fazendo nada então vem pra casa Só não pira porque disso não passa  [Refrão] Eu te avisei Se a gente começa, não dá pra voltar atrás, eu sei Se a gente começa, não dá pra parar Ih, oh, oh Se eu te beijo agora, você fica e pede mais Oh, oh Se eu te beijo agora, você não esquece mais Se eu te beijo agora, você fica e pede mais Se eu te beijo agora, você não esquece mais",Manu Gavassi
28,Hipnose,/manu-gavassi/hipnose.html,MANU,"É como um sonho e você não quer acordar Te vejo me olhando e tentando decifrar E eu não consigo mais parar  Ei cuidado que eu sou problema Eu sei com essa cara ninguém diz Eu cansei te ver chorar me faz sorrir outra vez Sem parar, se for maldade me desculpa eu não consigo evitar Se for maldade me desculpa eu não consigo evitar Se for maldade me desculpa eu não consigo evitar  É como um vício e não dá pra explicar O nosso beijo é hipnose e te faz querer ficar E é difícil respirar  Ei cuidado que eu sou problema Eu sei com essa cara ninguém diz Eu cansei te ver chorar me faz sorrir outra vez Sem parar, se for maldade me desculpa eu não consigo evitar Se for maldade me desculpa eu não consigo evitar   Tire a jaqueta jeans agora e vem pra cá Quando eu te esquecer você vai implorar Eu já sofri muito agora eu sei jogar, eu sei jogar, eu sei jogar  Tire a jaqueta jeans agora e vem pra cá Quando eu te esquecer você vai implorar Eu já sofri muito agora eu sei jogar, eu sei jogar, eu sei jogar  Ei cuidado que eu sou problema Eu sei com essa cara ninguém diz Eu cansei te ver chorar me faz sorrir outra vez Sem parar, se for maldade me desculpa eu não consigo evitar  Ei cuidado que eu sou problema Eu sei com essa cara ninguém diz Eu cansei te ver chorar me faz sorrir outra vez Sem parar  Se for maldade me desculpa eu não consigo evitar",Manu Gavassi
29,Já Não Importa Mais,/manu-gavassi/ja-nao-importa-mais.html,,"E se eu disser que seu futuro, se encontra em suas mãos Mas o medo de arriscar te faz ter a sensação Que os seus sonhos são frustrados e não vão acontecer Mas pra ser realidade só depende de você!  Só depende de você, pra fazer acontecer Então faça a sua parte, porque a minha vou fazer  [refrão]  Eu vou seguir, sem descansar Até que eu possa encontrar O meu lugar !  Sem desistir, vou alcançar, e a minha estrela vai brilhar E nunca, se apagará !  O meu lugar ! (4x)  A minha força vem do alto, mas mantenho os pés no chão Reconheço quem me apoia do início até o final  E não importa o que digam, nunca pare de lutar,a A historia da sua vida, só você pode mudar !  [refrão]  Eu vou seguir, sem descansar Até que eu possa encontrar O meu lugar !  Sem desistir, vou alcançar, e a minha estrela vai brilhar E nunca, se apagará ! (2x)  O meu lugar ! (4x)",Manu Gavassi
30,Linda Melodia,/manu-gavassi/linda-melodia.html,,"Não sei como aconteceu Eu te olhei, logo vi que você percebeu que entre a gente há algo mais Nem tentei disfarçar não vou mais voltar a trás  Você me olhou e eu transformei tudo aquilo que eu sentia na mais linda melodia  E eu parei de procurar tudo aquilo que eu queria em você eu consegui encontrar  Quero parar este momento pra tentar entender o que é este sentimento  Quero ouvir você falar que eu sou tudo que pediu, que te faço sonhar  Você me olhou e eu transformei tudo aquilo que eu sentia na mais linda melodia  E eu parei de procurar tudo aquilo que eu queria, em você eu consegui encontrar  Oh o oh Em você eu consegui encontrar",Manu Gavassi
31,Me Beija,/manu-gavassi/me-beija.html,MANU,"Você diz que ninguém fica mais linda que eu usando a sua roupa Te respondo que eu fico melhor sem (você me deixa louca) Chego bem mais perto do que a gente tá Te vejo tão perto que posso escutar Você abrindo o jogo pra me provocar, só pra me provocar  [Pré-refrão] Se o mundo acabasse agora, eu não sairia daqui Se o mundo acabasse agora, agora  [Refrão] Então me beija como se fosse acabar E não me solta, me beija como se fosse acabar Me beija como se fosse acabar Não fala nada, me beija como se fosse acabar  Você diz que não tem mais controle se eu beijo a sua boca Mas eu te mostro que tanto faz, temos a tarde toda Chego bem mais perto do que a gente tá Te vejo tão perto que posso escutar Você abrindo o jogo pra me provocar, só pra me provocar  [Pré-refrão] Se o mundo acabasse agora, eu não sairia daqui Se o mundo acabasse agora, agora  [Refrão] Então me beija como se fosse acabar E não me solta, me beija como se fosse acabar Me beija como se fosse acabar Não fala nada, me beija como se fosse acabar  [Ponte] Deixa a pressa na sala de estar Esquece o seu tempo em mim, vem cá Deixa a pressa na sala de estar Esquece o seu tempo em mim, vem cá Que já é cedo de novo Não dá pra te largar um segundo e parar Quero sua boca na minha Fazer você arrepiar Que já é cedo de novo Não dá pra te largar um segundo e parar Quero sua boca na minha Fazer você arrepiar  [Refrão] Então me beija como se fosse acabar E não me solta, me beija como se fosse acabar Me beija como se fosse acabar Não fala nada, me beija como se fosse acabar Como se fosse acabar, como se fosse acabar Então me beija como se fosse acabar Não fala nada e me beija, me beija",Manu Gavassi
32,Meio Sorriso,/manu-gavassi/meio-sorriso.html,Clichê Adolescente,"O tempo passa e está sempre tudo bem Até quando não está Na sua boca eu vejo as palavras Que esqueceu de falar Você esqueceu de se importar E agora o que restou, nada  E eu não sei mais porquê Eu me contento com o pouco que você me da E eu não consigo entender Minha fraqueza pelos seus meios sorrisos Que aparecem só quando você quer Pra me acalmar  Você me olha e está sempre tudo bem Mais eu sei que não está Eu me esforço pra ser o que você quer Você esqueceu de notar Você esqueceu de se importar E agora o que restou, nada   E eu não sei mais porquê Eu me contento com o pouco que você me da E eu não consigo entender Minha fraqueza pelos seus meios sorrisos Que aparecem só quando você quer Que aparecem só quando você quer Pra me acalmar  E eu não sei mais porquê E eu não sei mais porquê Eu me contento com o pouco que você me da E eu não consigo entender Não, não E eu não sei mais porquê Eu me contento com o pouco que você me da E eu não consigo entender Não, não, não E eu não sei mais porquê E eu não consigo entender Não, não",Manu Gavassi
33,Memories,/manu-gavassi/memories.html,,No one said that it was easy to forget about all the stuff you said No one said you would believe me I won't care about all the dreams I had  Now I just want you to be with me All my plans are made for us All the love that you gave up I don't know what else to do No no no no no All my songs I've wrote for you All the things we've used to do Now are just my memories Just my memories  I keep trying to get over you And I admit that we weren't mean to be I keep trying to don't look at you Let's pretend that our story ends  Now I just want you to stay with me All my plans are made for us All the love that you gave up I don't know what else to do No no no no no All my songs I've wrote for you All the things we've used to do Now are just my memories  Please don't let me here just wondering how you feel Come and tell me if it is real Is it real?  Guess it's just my memories Just my memories,Manu Gavassi
34,Mentiras Bonitas,/manu-gavassi/mentiras-bonitas.html,MANU,"[Verso 1] Mal te conheço e nem sei se deveria, tão errado Você me diz que ainda é cedo pra dormir eu também acho Eu deveria estar cansada desse tipo, desse plano E desses olhos de quem mente e você sabe que eu amo  [Pré-refrão] Chega perto e não dá mais pra voltar, eu sei Se eu soubesse, eu erraria sim de novo, outra vez Chega perto e não dá mais pra voltar, eu sei, eu sei  [Refrão] Enquanto começa eu consigo ver o fim Sua boca cheia de mentiras bonitas pra mim Enquanto começa eu consigo ver o fim Sua boca cheia de mentiras bonitas pra mim Enquanto começa eu consigo ver o fim Enquanto começa eu consigo ver o fim Sua boca cheia de mentiras bonitas pra mim Enquanto começa eu consigo ver o fim  [Verso 2] Você vai ver Eu brinco com o seu coração só porque eu posso Você me diz que agora tarde, eu concordo Eu deveria estar cansada desse tipo, desse plano E desses olhos de quem mente e você sabe que eu amo  [Pré-refrão] Chega perto e não dá mais pra voltar, eu sei Se eu soubesse, eu erraria sim de novo, outra vez Chega perto e não dá mais pra voltar, eu sei, eu sei  [Refrão] Enquanto começa eu consigo ver o fim Sua boca cheia de mentiras bonitas pra mim Enquanto começa eu consigo ver o fim Sua boca cheia de mentiras bonitas pra mim Enquanto começa eu consigo ver o fim Enquanto começa eu consigo ver o fim Sua boca cheia de mentiras bonitas pra mim Enquanto começa eu consigo ver o fim",Manu Gavassi
35,Muito Muito,/manu-gavassi/muito-muito.html,MANU,"Eu sou legal demais pra te perguntar onde você vai Te perguntar o que você faz Porque pra mim não importa Eu não quero saber tudo o que se passa dentro de você Se sou só eu, se nunca vai ser Até porque não importa  [Pré-refrão] Meu coração é gelo e por isso você quer E por isso você quer, e por isso você quer Se eu minto ou falo a verdade, você nunca vai saber Você nunca vai saber e por isso você quer Você sabe que  [Refrão] Eu sou muito, muito, muito, pra você Eu sou muito, muito, muito pra você, pra você Eu sou muito, muito, muito, pra você Eu sou muito, muito, muito pra você, pra você Sempre quer o que nunca vai ter, o que nunca vai ter O que nunca vai ter, o que nunca vai ter  Eu sou legal demais pra te perguntar onde você vai Te perguntar o que você faz Porque pra mim não importa Eu não quero saber tudo o que se passa dentro de você Se sou só eu, se nunca vai ser Até porque não importa  [Pré-refrão] Meu coração é gelo e por isso você quer E por isso você quer, e por isso você quer Se eu minto ou falo a verdade, você nunca vai saber Você nunca vai saber e por isso você quer Você sabe que  [Refrão] Eu sou muito, muito, muito, pra você Eu sou muito, muito, muito pra você, pra você Eu sou muito, muito, muito, pra você Eu sou muito, muito, muito pra você, pra você Sempre quer o que nunca vai ter, o que nunca vai ter O que nunca vai ter, o que nunca vai ter  [Ponte] Meu coração é gelo e por isso você quer E por isso você quer, e por isso você quer Se eu minto ou falo a verdade, você nunca vai saber Você nunca vai saber e por isso você quer Você sabe que  [Refrão] Eu sou muito, muito, muito, pra você (você vai ver) Eu sou muito, muito, muito pra você, pra você Eu sou muito, muito, muito, pra você (você vai ver) Eu sou muito, muito, muito pra você, pra você Sempre quer o que nunca vai ter, o que nunca vai ter O que nunca vai ter, o que nunca vai ter",Manu Gavassi
36,Música Secreta,/manu-gavassi/musica-secreta.html,CUTE BUT (still) PSYCHO,"Acordo um pouco tonta Sentindo a liberdade Faz tempo que eu decidi viver a minha idade Saio atrasada sentindo um vazio E a sensação é que eu nem moro mais aqui Falta de casa mas medo de ficar E perder o mundo acontecendo sem parar Mente cheia de sonhos e o meu corpo a mil Coração fechado, quem se aproximou sentiu  E faz tempo que eu quero te falar Que aquela noite eu chorei Mas não foi nada com você Na verdade eu chorei porque eu falei que ia embora E você nem teve medo de perder  E faz tempo que eu percebo que o que o universo manda Só pra rir e te fazer crescer E que piada engraçada do universo Me mostrar que dentre tantos, aprendi com você  Se a minha intensidade ainda for me matar Se a minha intensidade ainda for me matar Eu prefiro ser poesia e ter historias pra contar  Estou nos meus princípios, minhas convicções Prometo me abrir só pra quem merecer canções Mas aqui estou me traindo com você Amanhã faço de novo prometendo não fazer  Então só por essa noite a minha pele é sua E o conflito de certo e errado continua Talvez eu pense muito Talvez seja você Com o medo que a nossa geração tem de crescer  Se a minha intensidade ainda for me matar Se a minha intensidade ainda for me matar Eu prefiro ser poesia e ter historias pra contar  (Se a minha intensidade ainda for me matar) (Se a minha intensidade ainda for me matar) Eu prefiro ser poesia e ter historias pra contar  Se a minha intensidade ainda for me matar Se a minha intensidade ainda for me matar Eu prefiro ser poesia e ter historias pra contar  Se a minha intensidade ainda for me matar Se a minha intensidade ainda for me matar Eu prefiro ser poesia e ter historias pra contar",Manu Gavassi
37,Ninguém Vai Saber,/manu-gavassi/ninguem-vai-saber.html,MANU,"Pensando bem Eu não confio em ninguém Mas você me deu vontade de tentar Você me deu vontade de tentar Se eu te chamo, diz que vem Não sei o que você tem Mas só sei que dá vontade de tocar Só sei que dá vontade de tocar  Se eu quero e você quer Então tá tudo bem O seu corpo no meu Não conta pra ninguém Eu não vou contar, não vou contar Se eu quero e você quer Então tá tudo bem O seu corpo no meu Não fala pra ninguém Eu não vou falar, não vou falar  Ninguém vai saber, só eu e você Ninguém vai saber, só eu e você Ninguém vai saber, só eu e você Ninguém vai saber Ninguém vai saber  Pensando bem Eu não confio em ninguém Mas você me deu vontade de tentar Você me deu vontade de tentar Se eu te chamo, diz que vem Não sei o que você tem Mas só sei que dá vontade de tocar Só sei que dá vontade de tocar  Se eu quero e você quer Então tá tudo bem O seu corpo no meu Não conta pra ninguém Eu não vou contar, não vou contar Se eu quero e você quer Então tá tudo bem O seu corpo no meu Não fala pra ninguém Eu não vou falar, não vou falar  Ninguém vai saber, só eu e você Ninguém vai saber, só eu e você Ninguém vai saber, só eu e você Ninguém vai saber Ninguém vai saber",Manu Gavassi
38,Ninguém Vai Saber (Part. Agir),/manu-gavassi/ninguem-vai-saber-part-agir.html,,"Pensando bem, eu não confio em ninguém Mas você me deu vontade de tentar Você me deu vontade de tentar Se eu te chamo, diz que vem Não sei o que você tem Mas só sei que dá vontade de tocar Só sei que dá vontade de tocar  Se eu quero e você quer, então tá tudo bem O seu corpo no meu, não conta pra ninguém Eu não vou contar, não vou contar Se eu quero e você quer, então tá tudo bem O seu corpo no meu, não conta pra ninguém Eu não vou falar, não vou falar  Ninguém vai saber, só eu e você Ninguém vai saber, só eu e você Ninguém vai saber, só eu e você Ninguém vai saber, ninguém vai saber Ninguém vai saber, só eu e você Ninguém vai saber, só eu e você Ninguém vai saber, só eu e você Ninguém vai saber, ninguém vai saber  Ninguém vai saber Se tu não disseres, eu não vou dizer Não, perder tempo pra quê? Quando tudo que eu quero é poder fazer Coisas que eu nunca vá esquecer Dentre quatro paredes fazer acontecer Que eu faço valer a pena, baby, podes crer E amanhã? Amanhã logo se vê Eu já te dei o ok, hey Não vou deixar nada mei, hey Esquece o teu homem Porque o teu homem não sabe as coisas que eu sei, hey Fica entre nós, baby, [?] bem O que quiseres que eu faço, eu faço sem problema Tu queres com o gajo, taí Então descansa que ninguém, ninguém  Ninguém vai saber, só eu e você Ninguém vai saber, só eu e você Ninguém vai saber, só eu e você Ninguém vai saber, ninguém vai saber  Pensando bem Não deixes para amanhã o que podia ser agora Pensando bem É só deixastes levar assim pela noite afora Pensando bem Por mais que eu tente negar, não quero que te vás embora Só sei que dá vontade de tocar (dá) Só sei que dá vontade de tocar Pensando bem Não deixa para amanhã o que podia ser agora Pensando bem É só se deixar levar, quando é assim não controla Pensando bem Por mais que eu tente negar, eu quero você, não demora Só sei que dá vontade de tocar Só sei que dá vontade de  Ninguém vai saber, só eu e você Ninguém vai saber, só eu e você Ninguém vai saber, só eu e você Ninguém vai saber, ninguém vai saber  Ninguém vai saber, não Vai, vai Ninguém vai saber Agir! Manu!",Manu Gavassi
39,O Céu Eu Vou Tocar,/manu-gavassi/o-ceu-eu-vou-tocar.html,,Ventos frios me chamando Vejo o céu azul brilhar As montanhas sussurrando Que pra luz vão me levar Vou correr Vou voar E o céu eu vou tocar Vou voar E o céu eu vou tocar  Onde os bosques tem segredos E as montanhas imensidão Águas guardam os reflexos Dos tempos que se vão Vou gostar de cada história Meu sonho guardarei Como o mar e a tempestade Valente sempre serei  Vou correr Vou voar E o céu eu vou tocar Vou voar E o céu eu vou tocar  Eu vou tocar Como o vento voar Céu tocar,Manu Gavassi
40,O Fim,/manu-gavassi/o-fim.html,Clichê Adolescente,"Assoviando uma canção Sentindo nossos corações mais distantes Do que realmente estão As luzes lá fora chamam pra sair A noite sempre me encantou Mais agora você não está aqui  E, é engraçado como tudo aconteceu Do seu lado eu te olhei você percebeu Como agora tudo está perfeito assim Como a vida tinha um plano depois do fim O fim, foi só pra sentir saudade Então volta pra mim Não quero sentir sua falta Me leva com você E canta aquele refrão que me faz perceber Talvez não possa ficar um dia sem você  Os minutos passam devagar Ouvi dizer que com o tempo a gente aprende A suportar A cidade escura tenta me entreter Enquanto você olha o mar, me afogo em pranto Na vontade de você E, sinto que é errado precisar tanto assim De nós Do seu lado eu sou inteira, eu sou bem melhor Você diz que tudo está perfeito assim Que a vida tinha um plano depois do fim O fim, foi só pra sentir saudade Então volta pra mim Não quero sentir sua falta Me leva com você E canta aquele refrão que me faz perceber Talvez não possa ficar um dia sem você  O fim, foi só pra sentir saudade Então volta pra mim Não quero sentir sua falta Me leva com você E canta aquele refrão que me faz perceber Talvez não possa ficar um dia sem você",Manu Gavassi
41,Odeio,/manu-gavassi/odeio.html,,"Eu odeio o seu sorriso, e seu jeito de falar Eu odeio quando você me olha, e eu dou risada sem pensar Eu odeio quando você me chama para conversar Eu odeio quando você vem, e odeio mais ainda te esperar  Eu não sei o que fazer Não tem ninguém aqui pra me impedir de te escrever Outra canção pra me fazer entender Que eu te odeio tanto porque gosto de você  Eu nunca acreditei que era mesmo pra valer Eu nunca admiti que me importava com você Agora tanto faz não quero mais me esconder Estou falando na sua frente que eu te odeio Por gostar tanto assim de você  Eu odeio dar conselhos que você nem vai usar Eu odeio quando você fala dela e eu finjo não ligar Eu odeio ver você com alguém que não tem nada a ver Eu odeio ela ser tão sem graça E você nem perceber  Eu não sei o que fazer Não tem ninguém aqui pra me impedir de te escrever Outra canção pra me fazer entender Que eu te odeio tanto por que gosto de você  Eu nunca acreditei que era mesmo pra valer Eu nunca admiti que me importava com você Agora tanto faz não quero mais me esconder Estou falando na sua frente que eu te odeio Por gostar tanto assim de você  Você vai acordar um dia e perceber Que mesmo eu sendo, um pouco estranha do meu jeito Eu tentei te convencer  Que hoje eu acredito que é mesmo pra valer Confesso, eu admito que me importo com você Agora tanto faz não quero mais me esconder Estou falando na sua frente que eu te odeio Por gostar tanto assim de você.",Manu Gavassi
42,Perigo,/manu-gavassi/perigo.html,MANU,"Não chega assim tão perto, bagunça a minha cabeça Eu lembro juízo e você quer que eu esqueça Decifro a tua vontade lendo a tua boca colada na minha Envolve a minha cintura, cê sabe, é ponto fraco O jeito que segura, eu já nem sei mais o que eu faço Eu já nem sei mais o que eu faço não Já não sei não  [Pré-refrão] Se me pega com vontade, eu peço mais Sem controle, qualquer coisa a gente faz Eu peço mais, eu quero mais, eu quero mais  [Refrão] Eu sei que você é perigo Por isso é tão bom, tão bom Amor, eu nasci pro perigo Por isso eu vou, eu vou  Se eu jogo meu cabelo, bagunço sua cabeça Ainda tenho juízo e antes que desapareça Prometo que te enlouqueço com sua pele colada na minha  [Pré-refrão] Se me pega com vontade, eu peço mais Sem controle, qualquer coisa a gente faz Eu peço mais, eu quero mais, eu quero mais  [Refrão] Eu sei que você é perigo Por isso é tão bom, tão bom Amor, eu nasci pro perigo Por isso eu vou, eu vou  [Pré-refrão] Se me pega com vontade, eu peço mais Sem controle, qualquer coisa a gente faz Eu peço mais, eu quero mais, eu quero mais  [Refrão] Eu sei que você é perigo Por isso é tão bom, tão bom Amor, eu nasci pro perigo Por isso eu vou, eu vou  [Outro] Nananana, nananana",Manu Gavassi
43,Planos Impossíveis,/manu-gavassi/planos-impossiveis.html,Manu Gavassi,"Uma semana sem te ver, Eu já sabia que isso ia acontecer, O tempo passa eu fico mal, é ilusão achar que tudo está igual, Você, apareceu pra mim, Não posso evitar, me sentir assim.  O que eu faço pra escapar, Dessa vontade que eu tenho de falar, Toda hora com você, Faço planos impossíveis pra te ver, Mas pra mim, são tão reais, O que aconteceu, eu não me lembro mais.  Eu poderia escrever, mil canções só pra você, Poderia te falar, meus motivos pra gostar, tanto de você, me diz quando a gente vai se ver.  Pra eu poder te abraçar, e tentar te explicar, a falta que você me faz, eu não aguento mais, Ficar tão longe, de você.  Você me diz que não tá bem, que não para de pensar em mim também. Agora antes de dormir, por dois segundos eu consigo até sorrir, Porque, essa complicação, distância é o fim, pra quem tem coração.  Será que eu devo te dizer, que eu quase choro quando falam de você. Mas eu consigo segurar, Pra ter certeza que ninguém vai reparar, que eu, to cada vez pior, e a saudade em mim, é cada vez maior.  Eu poderia escrever, mil canções só pra você, Poderia te falar, meus motivos pra gostar, tanto de você, me diz quando a gente vai se ver.  Pra eu poder te abraçar, e tentar te explicar, a falta que você me faz, eu não aguento mais, Ficar tão longe, de você.  E eu não sei se algum dia, eu já me senti assim. Eu nem me lembro de querer alguém, como eu quero você, pra mim. E é por isso, que eu vou te dizer,  Que eu poderia escrever, mil canções só pra você, Poderia te falar, meus motivos pra gostar, tanto de você, me diz quando a gente vai se ver.  Pra eu poder te abraçar, e tentar te explicar, a falta que você me faz, eu não aguento mais, ficar tão longe, de você.  Tão longe de você, tão longe de você.",Manu Gavassi
44,Pode Falar,/manu-gavassi/pode-falar.html,Manu Gavassi,"Uma música tocando no meu rádio Eu começo a pensar, onde você está Que eu quero te ligar, mesmo sem nada novo pra falar Um filme fofo tá passando na tv, e eu me lembro de você Começo a imaginar, se a gente se casar Eu juro, eu nunca mais vou reclamar  Será que você pensa em mim como eu penso em você? Será que algum dia eu vou saber?  Eu não me importo se você quiser sorrir E me falar que eu sou tudo pra você Me diz, o que eu sempre quis ouvir, vem dizer Eu não vou enjoar, então pode falar Todas as vezes que você pensar em mim Assim, eu fico mais feliz, então pode falar  na na na na...  Uma foto que me faz voltar no tempo quando eu te conheci A gente se falou, e algo começou Você não sabe a marca que deixou E se algum dia a saudade apertar Não espere pra ligar Quero você aqui, isso eu já decidi Se alguém perguntar não vou mentir  Será que você pensa em mim como eu penso em você? Será que algum dia eu vou saber?  Eu não me importo se você quiser sorrir E me falar que eu sou tudo pra você Me diz, o que eu sempre quis ouvir, vem dizer Eu não vou enjoar, então pode falar Todas as vezes que você pensar em mim Assim, eu fico mais feliz, então pode falar  Eu não me importo se você quiser sorrir E me falar que eu sou tudo pra você Me diz, o que eu sempre quis ouvir, vem dizer Eu não vou enjoar, então pode falar Todas as vezes que você pensar em mim Assim, eu fico mais feliz, então pode falar  Na na na na, então pode falar, na na na na, então pode falar.",Manu Gavassi
45,Pode Até Rolar,/manu-gavassi/pode-ate-rolar.html,Manu Gavassi,"Te olhei de longe, sem querer você estava lá Tentando impressionar Eu logo vi que era tudo que eu sempre pedi É melhor se preparar  Você faz o meu estilo, e eu não vou me arrepender Eu não sei o que aconteceu comigo Não paro de pensar, eu e você pode até rolar Talvez essa batida tenha algo a ver Não vou parar de dançar, quiser você pode vir me acompanhar  Todas elas estão loucas pra saber Quem será que você vai escolher O seu nome eu não consigo adivinhar Porque você não vem me falar  Você faz o meu estilo, e eu não vou me arrepender Eu não sei o que aconteceu comigo Não paro de pensar, eu e você pode até rolar Talvez a batida tenha algo a ver Não vou parar de dançar, se você quiser pode me acompanhar  Chega de ficar parado, venha aqui do meu lado se quiser me conhecer Eu não sei o que aconteceu comigo Não paro de pensar, eu e você pode até rolar Talvez essa batida tenha algo a ver Não vou parar de dançar não na na na  Eu não sei o que aconteceu comigo Não paro de pensa, eu e você pode até rolar Talvez essa batida tenha algo a ver Não vou parar de dançar, se você quiser pode vim me acompanhar",Manu Gavassi
46,Primeiro Dia,/manu-gavassi/primeiro-dia.html,,Eu te olho com os mesmos olhos De quando eu te conheci Quando eu te tratava meio mal E agora você sabe que eu fingi  Eu te amo muito mais que ontem Quando não havia nada pra se preocupar Quando jurei que você ia embora Mas você decidiu ficar  E quanto tempo faz? Parece que foi ontem Mas eu nem me lembro mais De não te conhecer  E eu sei que vai ser você Quando tudo lá fora mudar Quando o tempo passar E eu sei que sempre foi você Desde o primeiro dia eu vi E agora entendi porque  Você me olha com os mesmos olhos Daquela noite de verão Quando te contei os meus segredos E você fez uma canção  E olhando para trás agora eu sei Que muita coisa já mudou Mas ainda guardo aquele beijo Que um dia você roubou  E quanto tempo faz? Parece que foi ontem Mas eu nem me lembro mais De não te conhecer  E eu sei que vai ser você Quando tudo lá fora mudar Quando o tempo passar E eu sei que sempre foi você Desde o primeiro dia eu vi E agora entendi porque  E eu sei que vai ser você Quando tudo lá fora mudar Quando o tempo passar E eu sei que sempre foi você Desde o primeiro dia eu vi E agora entendi porque  Que vai ser você Quando tudo lá fora mudar Quando o tempo passar E eu sei que sempre foi você Desde o primeiro dia eu vi E agora entendi  Eu te olho com os mesmos olhos De quando eu te conheci,Manu Gavassi
47,Promete Pra Mim,/manu-gavassi/promete-pra-mim.html,Manu Gavassi,"Promete pra mim Promete pra mim Que vai chegar mensagem no meu celular Dizendo assim: você é tudo pra mim Acho que eu tô começando a exagerar Não preciso de declaração Ainda não Qualquer coisinha que você me diz  Já consegue me tirar a respiração Quando eu falo com você eu fico mais feliz  ""Eu queria você aqui comigo"" Você falou E eu li de novo porque uma parte de mim ainda não acreditou Como eu queria te ligar So pra ouvir sua voz Quem sabe assim descobriria O que existe entre nós  Promete pra mim Promete pra mim Que a distancia entre nós não vai atrapalhar Eu penso assim Se você gosta de mim Será que alguns quilometros vão importar?  Não preciso de declaração Ainda não Qualquer coisinha que você me diz Já consegue me tirar a respiração Quando eu falo com você eu fico mais feliz  ""Eu queria você aqui comigo"" Você falou E eu li de novo Porque uma parte de mim ainda não acreditou Como eu queria te ligar só pra ouvir sua voz Quem sabe assim descobriria o que existe entre nós  Você chegou Eu não acreditei Te juro que agora o que eu quero é uma chance pra te mostrar Sua carta eu guardei junto com tudo o que eu sonhei um dia Te falar Eu sei Me apaixonei por você  ""Eu queria você aqui comigo"" Você falou Eu li de novo porque uma parte de mim ainda não acreditou Como eu queria te ligar só pra ouvir sua voz Quem sabe assim descobriria o que existe entre nós O que existe entre nós O que existe entre nós O que existe entre nós O que existe entre nós",Manu Gavassi
48,Quatro Notas,/manu-gavassi/quatro-notas.html,Manu Gavassi,"Cinco horas, e eu com o coração na mão; Já são sete não larguei o violão; Quatro notas e eu fiz essa canção;  Como eu queria te falar tudo que eu penso; Você pode me assistir enquanto eu tento; E me perco no meio dessa confusão;  Uma chance pra te ter aqui comigo; Dois minutos são tudo o que preciso; Quatro notas pra fazer você entender;  Estou procurando e não consigo encontrar; Os motivos pra essa história acabar; Só me resta esperar que isso não seja o fim;  Eu já tentei dizer, eu quis te convencer; Que ao seu lado é onde eu devo ficar; É só você deixar...  Uma hora com você no telefone; Sete dias e agora você some; Quatro notas só pra eu me distrair;  Você me enche, mas eu nunca falo nada; Como eu queria ser a sua namorada; Mas pensando bem é melhor deixar assim...  Porque que eu tentei dizer, eu quis te convencer; Que ao seu lado é onde eu devo ficar; É só você deixar...  E se você chegar pedindo pra voltar; Já vai ser tarde demais... Quando você chegar; E pedir pra voltar eu não volto atrás;  Porque eu tentei dizer; eu quis te convencer; Que ao seu lado é onde eu devo ficar; É só você deixar...  Que ao seu lado é onde eu quero ficar; É só você deixar...",Manu Gavassi
49,Se Eu Te Abraço,/manu-gavassi/se-eu-te-abraco.html,Clichê Adolescente,Acordava sorrindo do seu lado Você me olhava e dizia eu adoro seu cabelo enrolado  Eu nunca vou admitir Mas eu penso nisso toda vez que eu me arrumo pra sair E você não esta aqui  Te ligava a tarde pra conversar Você me contava do seus medos E eu sabia que não tinha nada pra se preocupar  Posso não estar mais com você Mas não tem um dia que não penso em ligar Só pra não esquecer Eu não posso esquecer  Quero ouvir que nada vai mudar Que esse meses frios e o silencio são só pra me provar Há uma nova chance pra nós dois Em cada vez que eu não consigo te encarar E se eu te abraço eu não consigo mais soltar  Te olhava a dirigir Você sorria e pegava minha mão Só pra ter certeza que eu estava ali  Hoje eu não tenho mais você E desligo o radio quando a musica me lembra O que eu quero esquecer Me ajude a esquecer  Quero ouvir que nada vai mudar Que esse meses frios e o silencio são só pra me provar Há uma nova chance pra nós dois Em cada vez que não consigo te encarar E se eu te abraço eu não consigo mais soltar  E agora ouço a sua voz Me pedindo pra pensar em nós Mas eu nunca parei de pensar Somos dois corações assustados Um amor perfeito que deu errado Como eu faço pra consertar ?  Minhas lagrimas começam a cair Nós dois sabemos que eu tenho que sair daqui Mas paro pra te ouvir  E você diz que nada vai mudar Que o silencio é só pra me provar Há uma nova chance pra nós dois Em cada vez que não consigo te encarar E se eu te abraço eu não consigo  Quero ouvir que nada vai mudar Que esse meses frios e o silencio são só pra me provar Há uma nova chance pra nós dois Em cada vez que não consigo te encarar E se eu te abraço eu não consigo mais soltar,Manu Gavassi
50,Segredo (Feat. Chay Suede),/manu-gavassi/segredo-feat-chay-suede.html,Clichê Adolescente,"Seus olhos parecem perfeitos pros meus Sua boca parece que já percebeu Vem me conta um segredo Eu preciso escutar Seu sorriso me faz esquecer onde estou Se acordo sozinha já não sei quem sou Vem me abraça um segundo, e prometa ficar  Você virou o meu mundo, de ponta cabeça Vou dizer antes que eu esqueça Você foi o melhor que me aconteceu E agora nada é igual Nada importa no mundo quando você me beija Essa é minha única certeza Quando tudo em volta parece mudar, Pra mim devemos ficar pra sempre assim  Seus olhos me prendem e só você sabe Sua boca desmonta todo esse disfarce Você é o segredo. Que eu quero gritar  Você vira o meu mundo, de ponta cabeça Vou dizer antes que eu esqueça Você foi o melhor que me aconteceu E agora nada é igual Nada importa no mundo quando você me beija Essa é minha única certeza Quando tudo em volta parece mudar, Pra mim devemos ficar  Você vira o meu mundo, de ponta cabeça Vou dizer antes que eu esqueça Você foi o melhor que me aconteceu E agora nada é igual E nada importa no mundo quando você me beija Essa é minha única certeza Quando tudo em volta parece mudar, Pra mim devemos ficar pra sempre assim Pra sempre assim  Quando tudo em volta parece mudar, Pra mim devemos ficar pra sempre assim",Manu Gavassi
51,Seu Show,/manu-gavassi/seu-show.html,Regravação de Cine,"Vem, meu bem, que é pra eu poder te mostrar Me expressei mal, deixe-me consertar Quanto te vi o club inteiro balançou  Sua cara não nega Não quero ser só mais um pra você Teu olhar te entrega Não faço parte do seu show, assim eu sou  Sempre quis mergulhar num lance assim Vi nos meus sonhos como um filme Sonhar nunca é demais Baby, vem, deixa eu te roubar pra mim Só não demora, afinal nunca foi tão fácil assim  Down, down, down Baby, go down, down, down (down) (3x)  Dessa vez você não me engana Eu já sei de você e sua fama, tchau  Tudo bem,acho que falei de màs Sei que fez tudo isso e muito màs Mais você não imagina quem eu sou  Sua cara não nega Não quero ser só mais um pra você Teu olhar te entrega Não faço parte do seu show, assim eu sou  Sempre quis mergulhar num lance assim Vi nos meus sonhos como um filme Sonhar nunca é demais Baby, vem, deixa eu te roubar pra mim Só não demora, afinal nunca foi tão fácil assim  Down, down, down Baby, go down, down, down (down) (3x)  Dessa vez você não me engana Eu já sei de você e sua fama, tchau  Baby girl, I never felt so fine And you know you are the only one Baby girl, you are the only one (yeah, yeah)",Manu Gavassi
52,"Sim, É Sobre Você",/manu-gavassi/sim-e-sobre-voce.html,CUTE BUT PSYCHO EP,"Eu não se enlouqueci ou se foi você Vou fingir que eu esqueci pra eu não te responder Ouvi dizer que o nosso fim ficou mal resolvido pra você Logo pra mim que resolvi pra sobreviver  Mas o seu pensamento continua me atraindo pra você E o meu pensamento continua te atraindo sem querer Até quando? (até quando?) Até quando? até quando?  Agora eu sei, enlouqueci junto com você Fingindo amizade só pra não esquecer E seu amor te espera calma em você Não para de me observar sem saber porquê  É quando o seu pensamento continua me atraindo pra você (continua, continua me atraindo pra você) E o meu pensamento continua me traindo sem querer Até quando? Até quando? até quando?  Talvez o universo queira nos falar Um pedaço de você não possa me largar E nós dois somos estranhos e é estranho pensar Estranho lembrar seu nome sem me culpar Talvez seu pensamento venha pra curar A desculpa que você nunca soube me dar Mas desculpa não preciso mas nem tenho mais dor Você foi meu mais difícil exemplo de amor Talvez seja melhor que a gente nunca mais se viu Sua pele na minha pele, era certo, era arrepio A vontade não passava mesmo quando acabou Nunca foi por isso que a gente terminou E é por isso que eu me lembro  Até quando? (até quando?) Até quando? até quando? Até quando?",Manu Gavassi
53,Sonhei Com Uma Música Hoje,/manu-gavassi/sonhei-com-uma-musica-hoje.html,,"Eu gosto de você Muito sim Dormindo do meu lado, ou Dormindo sem mim Eu gosto de você Muito  Eu gosto de você e esse verso é seu Me olhando com essa cara De quem já entendeu Eu gosto de você Muito  Então não desiste de mim To louco pra falar que meu gostar já é amor  Enfim  Não desiste de nós To longe, mas to perto Se você quiser Se você quiser  Promete que fica Mesmo quando não for fácil ficar? E eu prometo que fico E falo que eu tenho tanto medo de falar Que eu gosto de você Muito Eu gosto de você Muito Eu gosto de você Tanto que eu amo você",Manu Gavassi
54,Sozinha,/manu-gavassi/sozinha.html,Vício - EP,"A gente ama até sangrar Até não dar mais pra aguentar A gente ama até achar o próximo pra amar  E a gente ama outra vez E é tão certo dessa vez Eu te amo até o tempo apagar tudo que você fez  E o silêncio nos mostra, mas ninguém parece ouvir O silêncio nos mostra o caminho a seguir  Sozinha com minha mente que não para de mudar Eu nunca achei que fosse gostar de estar só Sozinha com meus sonhos que não param de crescer Eu nunca achei que fosse entender o que é estar só Só sem você  A gente ama até esgotar Até não ter o que salvar A gente ama até prometer que nunca mais vai amar  E a gente ama outra vez E é tão certo dessa vez Eu te amo até a vida mostrar que estava errada talvez  E o silêncio nos mostra, mas ninguém parece ouvir O silêncio nos mostra o caminho a seguir  Sozinha com minha mente que não para de mudar Eu nunca achei que fosse gostar de estar só Sozinha com meus sonhos que não param de crescer Eu nunca achei que fosse entender o que é estar só Só sem você  Finalmente agora eu posso ver Que sozinha eu sei que posso ser O que eu sempre quis E era tão difícil com você  Sozinha com minha mente que não para de mudar Eu nunca achei que fosse gostar de estar só Sozinha com meus sonhos que não param de crescer Eu nunca achei que fosse entender o que é estar só Só sem você",Manu Gavassi
55,Suspiros,/manu-gavassi/suspiros.html,Manu Gavassi,"Suspiros já não cabem mais dentro de mim Se eu nem te conheço já me sinto assim Não consigo te tirar do meu pensamento O que eu faço pra te ter aqui um momento, Se eu fico tentando imaginar seu sorriso Me diz o que é que eu faço pra te ter aqui comigo?  Se eu te ver de longe e não me aproximar Eu juro eu vou morrer eu não vou aguentar Faz tanto tempo eu imagino como seria Você me ligando pra falar bom dia, Então fico tentando imaginar seu sorriso Me diz o que é que eu faço pra te ter aqui comigo?  Uuuh, uuuh Nananana, nananana  Uuuh, uuuh Nananana, nananana  Se eu te ver com outra eu vou passar mal Eu sei é estranho, mas eu nunca fui normal Faz tanto tempo quero te dizer o que eu sinto Se alguém me perguntar se eu te quero, eu minto E volto a tentar imaginar seu sorriso Me diz o que é que eu faço pra te ter aqui comigo?  Uuuh, uuuh Nananana, nanananana  Uuuh uuuh Nananana, nanananana  Uuuh,uuuh Nananana, nanananana",Manu Gavassi
56,Talvez,/manu-gavassi/talvez.html,Clichê Adolescente,"Eu assisti enquanto o tempo passou Fiquei parada enquanto tudo mudou E agora olhando para a linha do fim Eu me pergunto quem vai me salvar de mim  Foi muito cedo, talvez cedo demais E nem eu sei mais o sentido que faz Eu me perco procurando nós dois E tenho medo agora do que vem depois  Talvez não seja tarde demais pra voltar pro inicio outra vez Eu quero rir do mundo, como eu ria Quero a sua poesia e você Eu quero voltar, pra quando nada era sério E o futuro era um mistério Talvez Talvez não seja tarde demais Me encontre no inicio outra vez  Por muito tempo andava sem direção Com pés descalços mais não sentia o chão Me deparei com o que eu sempre temi A sua sombra me seguiu até aqui Foi muito cedo, talvez cedo demais Nosso segredo nos passou para trás E agora olhando pro que eu já destrui Eu me pergunto quem vai me tirar daqui  Talvez não seja tarde demais pra voltar pro inicio outra vez Eu quero rir do mundo, como eu ria Quero a sua poesia e você Eu quero voltar, pra quando nada era sério E o futuro era um mistério Talvez Talvez não seja tarde demais Me encontre no inicio outra vez Talvez não seja tarde demais pra voltar pro inicio outra vez Eu quero rir do mundo, como eu ria Quero a sua poesia e você Eu quero voltar, pra quando nada era sério E o futuro era um mistério Talvez Talvez não seja tarde demais Me encontre no inicio outra vez",Manu Gavassi
57,talvezeunemteame(Tantoassim),/manu-gavassi/talvezeunemteametantoassim.html,CUTE BUT PSYCHO EP,"Provavelmente Tá deitado com alguém pra não pensar em mim Sinceramente Eu to sozinha no meu quarto e é melhor assim Nem sei se eu to triste ou to incomodada Com mais uma história tão inacabada (Sei lá) Eu só não quero que você esqueça Só não admito que você me esqueça  Eu quero que você me queira mais do que eu te quero Faz sentindo? Talvez não! Mas ajuda o meu ego Eu quero que você me queira mais do que eu te quero Faz sentindo? Talvez? Talvez não! Eu quero que você me queira mais do que eu te quero Faz sentindo? Talvez não! Mas ajuda o meu ego Quero que você me queira mais do que eu te quero Faz sentido? Talvez? Talvez eu nem te ame tanto assim Talvez eu nem te ame tanto assim Talvez eu nem te ame tanto assim Talvez eu nem te ame tanto assim (Assim)  Naturalmente Você me diz ""Foi a maior saudade que eu senti"" Mas, claramente Se fosse tão insuportável você tava aqui  Nem sei se eu to triste ou to incomodada Com mais uma história tão inacabada (Sei lá) Eu só não quero que você esqueça Só não admito que você me esqueça  Eu quero que você me queira mais do que eu te quero Faz sentindo? Talvez não! Mas ajuda o meu ego Eu quero que você me queira mais do que eu te quero Faz sentindo? Talvez? Talvez não! Eu quero que você me queira mais do que eu te quero Faz sentindo? Talvez não! Mas ajuda o meu ego Quero que você me queira mais do que eu te quero Faz sentido? Talvez? Talvez eu nem te ame tanto assim Talvez eu nem te ame tanto assim Talvez eu nem te ame tanto assim Talvez eu nem te ame tanto assim Assim, assim  Talvez eu não te ame, não me leve a mal Não é só com você Eu sempre faço igual Desculpa, meu jeitinho é assim, assim No fim eu sempre penso em mim  Talvez eu nem te ame tanto assim Talvez eu nem te ame tanto assim Talvez eu nem te ame tanto assim Talvez eu nem te ame tanto assim Assim, assim",Manu Gavassi
58,Te Assusta,/manu-gavassi/te-assusta.html,CUTE BUT (still) PSYCHO,"Me assusta O nosso beijo ser melhor agora Só me ajuda E não me peça pra não ir embora Você diz que igual a nós não tem E me assusta  Me assusta Era mais fácil quando era passado E você usa a nossa historia E deita do meu lado E me diz que igual a mim não tem E me assusta  Pra onde a gente vai daqui Não sei, nem sei se quero ir Você me olha como um recomeço E eu te beijo e sinto nosso fim Como pode o tempo ter passado E tudo estar perfeitamente igual Você conhece cada canto meu E nosso amor seria tão real Se eu fosse a mesma de anos atrás Se eu fosse a mesma de anos atrás  (Eu poderia até fingir) Mas você sabe que eu não sou  E te assusta Te assusta minha liberdade E se culpa Porque era linda nossa pouca idade E me diz que igual nunca viveu E te assusta  Pra onde a gente vai daqui  Não sei se tem pra onde ir Você me diz que ninguém te conhece Como um dia eu te conheci Como pode o tempo ter passado E nos dois de novo vendo o mar Você me diz que agora faz sentido Eu poderia ate considerar Se eu fosse a mesma de anos atrás Se eu fosse a mesma de anos atrás  (Eu poderia até fingir) Mas você sabe que eu não sou  E me assusta Eu te olhar assim do mesmo jeito E te assusta Saber que o nosso foi seu melhor beijo E pra sempre, igual não tem E te assusta  Me assusta Eu te olhar assim do mesmo jeito Te assusta Saber que o nosso foi seu melhor beijo E pra sempre, igual não tem E te assusta",Manu Gavassi
59,Teletema,/manu-gavassi/teletema.html,,"Rumo! Estrada turva Sou despedida Por entre lenços brancos De partida Em cada curva Sem ter você Vou mais só  Corro! Rompendo laços Abraços, beijos Em cada passo É você, quem vejo No tele-espaço Pousado em cores No além  Brando! Corpo celeste Meta metade Meu santuário Minha eternidade Iluminando O meu caminho e fim  Dando! A incerteza Tão passageira Nós viveremos Uma vida inteira Eternamente Somente os dois Mais ninguém  Nós dois Mais ninguém",Manu Gavassi
60,Tudo Que Eu Quiser - Yeah !,/manu-gavassi/tudo-que-eu-quiser-yeah-i.html,Manu Gavassi,"Na na na na... O sol se põe lá fora e eu já sei, O que isso quer dizer Eu vou pintar as unhas e sair, Quem sabe encontro até você  Se eu não for é porque eu decidi Não tem ninguém aqui que vai me impedir Eu não vou, não vou, não vou Não vou ouvir nenhuma opinião  Yeah! Eu olho em volta e essa noite todo mundo sabe o que quer Yeah! Então me entende e sai da frente, Eu sou grandinha E faço tudo o que eu quiser  Se eu tivesse uma lista De tudo o que quero ver Não sei se caberia mas sei Que o primeiro item é você  Sexta à noite eu vou sair Unha preta, muito glitter eu vou me divertir Eu não vou, não vou, não vou Não vou ouvir nenhuma opinião  Yeah! Eu olho em volta e essa noite todo mundo Sabe o que quer Yeah! Então me entende e sai da frente, Eu sou grandinha E faço tudo Yeah! Eu olho em volta e essa noite todo mundo Sabe o que quer Yeah! Então me entende e sai da frente, Eu sou grandinha E faço tudo o que eu quiser  Te vejo e até paro de dançar Peço pra essa noite nunca terminar Yeah, Yeah,Yeah! nunca terminar, não  Yeah! Eu olho em volta e essa noite todo mundo Sabe o que quer Yeah! Então me entende e sai da frente, Eu sou grandinha E faço tudo o que eu quiser Yeah! Eu olho em volta e essa noite todo mundo Sabe o que quer Yeah! Então me entende e sai da frente, Eu sou grandinha E faço tudo o que eu quiser",Manu Gavassi
61,Vicio,/manu-gavassi/vicio.html,Vício - EP,"Preciso ir tomar um pouco de ar Me desculpe eu já cansei de chorar Eu até ficaria pra me humilhar Mas nosso tempo já deu  Preciso ver o quanto eu cresci Desde os dezoito que eu nunca mais me vi Me distraí olhando pra você Mas não disse que me arrependi  É que eu sei amar você Muito mais do que eu sei cantar, ah E eu começo a me preocupar Porque eu quero amar você E eu não consigo evitar, ah E eu começo a me preocupar Por que eu  Preciso ir pensar um pouco em mim Eu nunca mais fiquei sozinha assim Não dá mais pra brincar de adiar o fim O nosso tempo já deu  O seu número eu apaguei Pra evitar de te ligar de madrugada, eu sei Eu esqueci, fui eu que terminei Sinto muito, eu não te ligo mais  É que eu sei amar você Muito mais do que eu sei cantar, ah E eu começo a me preocupar Porque eu quero amar você E eu não consigo evitar, ah E eu começo a me preocupar  Por que eu sei amar você muito mais do que eu sei cantar E eu começo a me preocupar Porque eu quero amar você e eu não consigo evitar, ah E eu começo a me preocupar porque eu  Eu sei amar você tão bem, é como um vício E eu sei amar você assim desde o início E eu quero amar você de novo Se eu consigo respirar pra mim ainda é pouco Eu sei amar você tão bem, é como um vício E eu sei amar você assim desde o início E eu quero amar você de novo Se eu consigo respirar pra mim ainda é pouco  Eu sei amar você muito mais do que eu sei cantar, ah E eu começo a me preocupar Porque eu quero amar você e eu não consigo evitar, ah E eu começo a me preocupar porque eu Eu sei amar você muito mais do que eu sei cantar, ah E eu começo a me preocupar Porque eu quero amar você e eu não consigo evitar, ah E eu começo a me preocupar porque eu  Quero amar você Sei amar você Quero amar você E eu começo a me preocupar porque eu",Manu Gavassi
62,Você Já Deveria Saber,/manu-gavassi/voce-ja-deveria-saber.html,,"Parabéns você fez tudo certo Realmente um garotinho muito esperto Só errou por que eu descobri (Yeah) Por quanto tempo você achou Que iria me enganar  Eu não sou tão boba Então você já pode parar Continue escrevendo suas musiquinhas Quem será a próxima a acreditar  Te vendo assim como você é Nem me dá vontade de chorar Acho que você se confundiu E errou de profissão  Por que você não larga os palcos E é tão bom na atuação  (Refrão) Quando ele te mandar flores Não se iluda você não é a única Quando ele escrever canções pra você A minha dica é correr  Ele vai fazer você acreditar que ele nunca está Por que tadinho ele é tão ocupado Mas logo você vai perceber Que deve ser mesmo difícil Arranjar tempo pra todas e pra você  Parabéns você fez tudo certo, Dessa vez passou muito perto Eu já estava começando a acreditar (Hum) É difícil imaginar que existe alguém assim  Ainda bem que eu descobri pra dar logo um fim Continue com essa cara de bonzinho eu prometo Que muitas ainda vão cair Será que quando você Pensa nisso você ri  Continue no seu mundinho colorido Iludindo as pessoas sem se arrepender Mas agora eu sei a verdade E todo mundo vai saber  (Refrão) Quando ele te mandar flores Não se iluda você não é a única Quando ele escrever canções pra você A minha dica é correr  Ele vai fazer você acreditar que ele nunca está Por que tadinho ele é tão ocupado Mas logo você vai perceber Que deve ser mesmo difícil Arranjar tempo pra todas  E eu bato palmas pra você Não deve ser tão fácil Enganar alguém assim  Você já deveria saber Que eu não sou tão tonta Quanto elas devem ser  (Refrão) Quando ele te mandar flores Não se iluda você não é a única Quando ele escrever canções pra você A minha dica é correr  Ele vai fazer você acreditar que ele nunca está Por que tadinho ele é tão ocupado Mas logo você vai perceber Que deve ser mesmo difícil Arranjar tempo pra todas, pra todas, pra todas e pra você",Manu Gavassi
63,Você Tá Namorando,/manu-gavassi/voce-ta-namorando.html,Manu Gavassi,"Eu tô cansada dessas músicas de amor É tudo pura ilusão Elas não falam do buraco que você deixou Dentro do meu coração  Eu sei que ainda não entendo Minhas amigas falam que eu gosto de sofrer Tá cada vez mais velha essa história de nós dois E eu não consigo esquecer  Eu sei, você tá namorando E eu não sei por que Não consigo achar ninguém Pra fazer que nem você É que pra mim não é tão fácil Fingir que eu superei Acho que eu não sei mentir bem Se não for você Eu não quero ninguém  O tempo passa e as coisas mudam Você faz graça e eu prefiro ignorar É que não vale a pena acreditar sempre em você Então eu vou deixar pra lá  Mas agora eu já aprendi E dessa vez eu sei que eu não me engano Não vou me iludir, só vou esperar a gente crescer Te vejo daqui mais alguns anos  Eu sei, você tá namorando E eu não sei por que Não consigo achar ninguém Pra fazer que nem você É que pra mim não é tão fácil Fingir que eu superei Acho que eu não sei mentir bem Se não for você Eu não quero ninguém",Manu Gavassi
64,We Found Love (Cover Rihanna),/manu-gavassi/we-found-love-cover-rihanna.html,Regravação de Rihanna,Yellow diamonds in the light And we're standing side by side As your shadow crosses mine What it takes to come alive  It's the way I'm feeling I just can't deny But I've gotta let it go  We found love in a hopeless place We found love in a hopeless place We found love in a hopeless place We found love in a hopeless place  Shine a light through an open door Love and life I will divide Turn away cause I need you more Feel the heartbeat in my mind  It's the way I'm feeling I just can't deny But I've gotta let it go  We found love in a hopeless place We found love in a hopeless place We found love in a hopeless place We found love in a hopeless place  Yellow diamonds in the light And we're standing side by side As your shadow crosses mine  We found love in a hopeless place We found love in a hopeless place We found love in a hopeless place We found love in a hopeless place  We found love in a hopeless place We found love in a hopeless place We found love in a hopeless place We found love in a hopeless place,Manu Gavassi
